,ID,Volum
0,0,4.0
1,1,3.0
2,2,2.0
3,3,2.0
4,4,1.0
5,5,2.0
6,6,11.0
7,7,6.0
8,8,6.0
9,9,11.0
10,10,12.0
11,11,17.0
12,12,20.0
13,13,22.0
14,14,27.0
15,15,23.0
16,16,18.0
17,17,21.0
18,18,17.0
19,19,13.0
20,20,18.0
21,21,17.0
22,22,17.0
23,23,10.0
24,24,9.0
25,25,5.0
26,26,3.0
27,27,3.0
28,28,2.0
29,29,3.0
30,30,3.0
31,31,5.0
32,32,4.0
33,33,12.0
34,34,15.0
35,35,20.0
36,36,22.0
37,37,20.0
38,38,20.0
39,39,16.0
40,40,16.0
41,41,14.0
42,42,16.0
43,43,12.0
44,44,12.0
45,45,12.0
46,46,9.0
47,47,4.0
48,48,2.0
49,49,1.0
50,50,1.0
51,51,1.0
52,52,2.0
53,53,6.0
54,54,29.0
55,55,163.0
56,56,206.0
57,57,67.0
58,58,27.0
59,59,25.0
60,60,26.0
61,61,26.0
62,62,44.0
63,63,171.0
64,64,218.0
65,65,71.0
66,66,38.0
67,67,24.0
68,68,16.0
69,69,14.0
70,70,12.0
71,71,5.0
72,72,3.0
73,73,1.0
74,74,1.0
75,75,1.0
76,76,2.0
77,77,6.0
78,78,23.0
79,79,133.0
80,80,160.0
81,81,61.0
82,82,28.0
83,83,28.0
84,84,27.0
85,85,29.0
86,86,43.0
87,87,165.0
88,88,218.0
89,89,76.0
90,90,42.0
91,91,24.0
92,92,17.0
93,93,16.0
94,94,11.0
95,95,5.0
96,96,2.0
97,97,1.0
98,98,1.0
99,99,1.0
100,100,1.0
101,101,5.0
102,102,22.0
103,103,135.0
104,104,192.0
105,105,57.0
106,106,27.0
107,107,25.0
108,108,24.0
109,109,27.0
110,110,47.0
111,111,159.0
112,112,212.0
113,113,88.0
114,114,47.0
115,115,30.0
116,116,20.0
117,117,18.0
118,118,14.0
119,119,6.0
120,120,2.0
121,121,2.0
122,122,1.0
123,123,1.0
124,124,1.0
125,125,6.0
126,126,28.0
127,127,112.0
128,128,186.0
129,129,54.0
130,130,24.0
131,131,26.0
132,132,23.0
133,133,24.0
134,134,46.0
135,135,158.0
136,136,212.0
137,137,75.0
138,138,44.0
139,139,29.0
140,140,21.0
141,141,18.0
142,142,16.0
143,143,8.0
144,144,3.0
145,145,2.0
146,146,1.0
147,147,1.0
148,148,1.0
149,149,5.0
150,150,31.0
151,151,139.0
152,152,172.0
153,153,65.0
154,154,31.0
155,155,28.0
156,156,27.0
157,157,32.0
158,158,48.0
159,159,155.0
160,160,193.0
161,161,74.0
162,162,39.0
163,163,20.0
164,164,18.0
165,165,14.0
166,166,13.0
167,167,8.0
168,168,5.0
169,169,3.0
170,170,3.0
171,171,2.0
172,172,1.0
173,173,1.0
174,174,2.0
175,175,5.0
176,176,5.0
177,177,10.0
178,178,12.0
179,179,18.0
180,180,22.0
181,181,25.0
182,182,27.0
183,183,26.0
184,184,25.0
185,185,20.0
186,186,19.0
187,187,12.0
188,188,12.0
189,189,11.0
190,190,8.0
191,191,7.0
192,192,5.0
193,193,2.0
194,194,1.0
195,195,1.0
196,196,1.0
197,197,1.0
198,198,2.0
199,199,7.0
200,200,7.0
201,201,7.0
202,202,10.0
203,203,21.0
204,204,26.0
205,205,29.0
206,206,30.0
207,207,31.0
208,208,29.0
209,209,23.0
210,210,19.0
211,211,13.0
212,212,12.0
213,213,12.0
214,214,8.0
215,215,4.0
216,216,3.0
217,217,1.0
218,218,1.0
219,219,1.0
220,220,2.0
221,221,7.0
222,222,27.0
223,223,135.0
224,224,202.0
225,225,68.0
226,226,32.0
227,227,32.0
228,228,31.0
229,229,33.0
230,230,57.0
231,231,172.0
232,232,218.0
233,233,86.0
234,234,53.0
235,235,29.0
236,236,23.0
237,237,22.0
238,238,12.0
239,239,8.0
240,240,2.0
241,241,0.0
242,242,0.0
243,243,1.0
244,244,1.0
245,245,6.0
246,246,32.0
247,247,170.0
248,248,224.0
249,249,72.0
250,250,32.0
251,251,31.0
252,252,31.0
253,253,31.0
254,254,52.0
255,255,176.0
256,256,226.0
257,257,90.0
258,258,53.0
259,259,33.0
260,260,25.0
261,261,19.0
262,262,11.0
263,263,7.0
264,264,3.0
265,265,1.0
266,266,1.0
267,267,1.0
268,268,2.0
269,269,5.0
270,270,33.0
271,271,153.0
272,272,206.0
273,273,61.0
274,274,32.0
275,275,32.0
276,276,32.0
277,277,33.0
278,278,52.0
279,279,158.0
280,280,195.0
281,281,82.0
282,282,52.0
283,283,32.0
284,284,27.0
285,285,22.0
286,286,14.0
287,287,11.0
288,288,3.0
289,289,1.0
290,290,1.0
291,291,1.0
292,292,2.0
293,293,7.0
294,294,32.0
295,295,141.0
296,296,206.0
297,297,65.0
298,298,37.0
299,299,35.0
300,300,34.0
301,301,32.0
302,302,54.0
303,303,156.0
304,304,194.0
305,305,90.0
306,306,52.0
307,307,36.0
308,308,28.0
309,309,22.0
310,310,13.0
311,311,10.0
312,312,5.0
313,313,2.0
314,314,2.0
315,315,1.0
316,316,1.0
317,317,5.0
318,318,27.0
319,319,132.0
320,320,201.0
321,321,62.0
322,322,32.0
323,323,31.0
324,324,32.0
325,325,38.0
326,326,57.0
327,327,163.0
328,328,192.0
329,329,75.0
330,330,50.0
331,331,23.0
332,332,15.0
333,333,11.0
334,334,13.0
335,335,7.0
336,336,3.0
337,337,2.0
338,338,2.0
339,339,2.0
340,340,1.0
341,341,1.0
342,342,2.0
343,343,7.0
344,344,7.0
345,345,10.0
346,346,8.0
347,347,14.0
348,348,15.0
349,349,26.0
350,350,32.0
351,351,30.0
352,352,28.0
353,353,20.0
354,354,20.0
355,355,12.0
356,356,12.0
357,357,11.0
358,358,9.0
359,359,6.0
360,360,5.0
361,361,2.0
362,362,1.0
363,363,1.0
364,364,1.0
365,365,1.0
366,366,2.0
367,367,5.0
368,368,4.0
369,369,10.0
370,370,12.0
371,371,16.0
372,372,24.0
373,373,28.0
374,374,22.0
375,375,22.0
376,376,25.0
377,377,19.0
378,378,18.0
379,379,14.0
380,380,14.0
381,381,13.0
382,382,10.0
383,383,4.0
384,384,2.0
385,385,1.0
386,386,1.0
387,387,1.0
388,388,1.0
389,389,5.0
390,390,24.0
391,391,126.0
392,392,195.0
393,393,67.0
394,394,26.0
395,395,33.0
396,396,32.0
397,397,32.0
398,398,56.0
399,399,174.0
400,400,233.0
401,401,90.0
402,402,60.0
403,403,37.0
404,404,29.0
405,405,20.0
406,406,12.0
407,407,7.0
408,408,2.0
409,409,1.0
410,410,1.0
411,411,2.0
412,412,2.0
413,413,7.0
414,414,46.0
415,415,195.0
416,416,229.0
417,417,73.0
418,418,33.0
419,419,32.0
420,420,32.0
421,421,30.0
422,422,54.0
423,423,171.0
424,424,226.0
425,425,90.0
426,426,61.0
427,427,37.0
428,428,28.0
429,429,19.0
430,430,13.0
431,431,8.0
432,432,3.0
433,433,1.0
434,434,1.0
435,435,2.0
436,436,2.0
437,437,5.0
438,438,34.0
439,439,155.0
440,440,208.0
441,441,69.0
442,442,29.0
443,443,30.0
444,444,29.0
445,445,27.0
446,446,47.0
447,447,157.0
448,448,209.0
449,449,72.0
450,450,54.0
451,451,27.0
452,452,23.0
453,453,19.0
454,454,13.0
455,455,8.0
456,456,2.0
457,457,1.0
458,458,1.0
459,459,1.0
460,460,1.0
461,461,5.0
462,462,24.0
463,463,99.0
464,464,181.0
465,465,56.0
466,466,22.0
467,467,22.0
468,468,22.0
469,469,25.0
470,470,44.0
471,471,154.0
472,472,216.0
473,473,87.0
474,474,56.0
475,475,37.0
476,476,25.0
477,477,20.0
478,478,15.0
479,479,8.0
480,480,3.0
481,481,1.0
482,482,1.0
483,483,1.0
484,484,1.0
485,485,5.0
486,486,19.0
487,487,117.0
488,488,168.0
489,489,62.0
490,490,32.0
491,491,36.0
492,492,38.0
493,493,36.0
494,494,57.0
495,495,164.0
496,496,203.0
497,497,73.0
498,498,48.0
499,499,23.0
500,500,18.0
501,501,14.0
502,502,14.0
503,503,10.0
504,504,6.0
505,505,3.0
506,506,3.0
507,507,2.0
508,508,1.0
509,509,1.0
510,510,3.0
511,511,6.0
512,512,9.0
513,513,14.0
514,514,15.0
515,515,19.0
516,516,23.0
517,517,28.0
518,518,33.0
519,519,32.0
520,520,29.0
521,521,21.0
522,522,17.0
523,523,12.0
524,524,11.0
525,525,11.0
526,526,10.0
527,527,7.0
528,528,5.0
529,529,3.0
530,530,1.0
531,531,2.0
532,532,1.0
533,533,1.0
534,534,2.0
535,535,5.0
536,536,4.0
537,537,9.0
538,538,13.0
539,539,19.0
540,540,23.0
541,541,24.0
542,542,26.0
543,543,21.0
544,544,27.0
545,545,20.0
546,546,20.0
547,547,14.0
548,548,13.0
549,549,13.0
550,550,11.0
551,551,6.0
552,552,3.0
553,553,2.0
554,554,2.0
555,555,2.0
556,556,2.0
557,557,6.0
558,558,36.0
559,559,143.0
560,560,204.0
561,561,65.0
562,562,26.0
563,563,24.0
564,564,27.0
565,565,28.0
566,566,56.0
567,567,158.0
568,568,192.0
569,569,84.0
570,570,51.0
571,571,34.0
572,572,23.0
573,573,19.0
574,574,13.0
575,575,5.0
576,576,2.0
577,577,2.0
578,578,1.0
579,579,1.0
580,580,1.0
581,581,6.0
582,582,32.0
583,583,135.0
584,584,187.0
585,585,56.0
586,586,25.0
587,587,24.0
588,588,25.0
589,589,24.0
590,590,49.0
591,591,136.0
592,592,156.0
593,593,76.0
594,594,53.0
595,595,37.0
596,596,24.0
597,597,19.0
598,598,14.0
599,599,7.0
600,600,3.0
601,601,2.0
602,602,1.0
603,603,1.0
604,604,1.0
605,605,6.0
606,606,28.0
607,607,156.0
608,608,185.0
609,609,53.0
610,610,27.0
611,611,28.0
612,612,25.0
613,613,25.0
614,614,48.0
615,615,132.0
616,616,149.0
617,617,70.0
618,618,48.0
619,619,29.0
620,620,18.0
621,621,19.0
622,622,14.0
623,623,7.0
624,624,3.0
625,625,2.0
626,626,2.0
627,627,1.0
628,628,1.0
629,629,5.0
630,630,25.0
631,631,138.0
632,632,168.0
633,633,49.0
634,634,24.0
635,635,23.0
636,636,25.0
637,637,25.0
638,638,43.0
639,639,110.0
640,640,121.0
641,641,55.0
642,642,45.0
643,643,30.0
644,644,17.0
645,645,19.0
646,646,15.0
647,647,6.0
648,648,4.0
649,649,1.0
650,650,1.0
651,651,1.0
652,652,1.0
653,653,5.0
654,654,21.0
655,655,130.0
656,656,150.0
657,657,48.0
658,658,24.0
659,659,24.0
660,660,23.0
661,661,26.0
662,662,41.0
663,663,110.0
664,664,127.0
665,665,53.0
666,666,39.0
667,667,19.0
668,668,15.0
669,669,12.0
670,670,12.0
671,671,6.0
672,672,5.0
673,673,4.0
674,674,3.0
675,675,2.0
676,676,1.0
677,677,2.0
678,678,4.0
679,679,5.0
680,680,5.0
681,681,12.0
682,682,13.0
683,683,22.0
684,684,19.0
685,685,17.0
686,686,17.0
687,687,18.0
688,688,17.0
689,689,15.0
690,690,16.0
691,691,10.0
692,692,10.0
693,693,8.0
694,694,8.0
695,695,9.0
696,696,6.0
697,697,3.0
698,698,3.0
699,699,3.0
700,700,1.0
701,701,1.0
702,702,2.0
703,703,4.0
704,704,5.0
705,705,10.0
706,706,11.0
707,707,14.0
708,708,17.0
709,709,13.0
710,710,19.0
711,711,18.0
712,712,20.0
713,713,19.0
714,714,15.0
715,715,9.0
716,716,9.0
717,717,9.0
718,718,9.0
719,719,4.0
720,720,2.0
721,721,2.0
722,722,1.0
723,723,1.0
724,724,1.0
725,725,4.0
726,726,29.0
727,727,138.0
728,728,172.0
729,729,49.0
730,730,21.0
731,731,19.0
732,732,22.0
733,733,21.0
734,734,39.0
735,735,129.0
736,736,158.0
737,737,75.0
738,738,39.0
739,739,25.0
740,740,18.0
741,741,17.0
742,742,13.0
743,743,5.0
744,744,3.0
745,745,1.0
746,746,1.0
747,747,1.0
748,748,2.0
749,749,4.0
750,750,18.0
751,751,87.0
752,752,146.0
753,753,38.0
754,754,15.0
755,755,14.0
756,756,11.0
757,757,13.0
758,758,35.0
759,759,73.0
760,760,77.0
761,761,48.0
762,762,31.0
763,763,23.0
764,764,21.0
765,765,18.0
766,766,11.0
767,767,5.0
768,768,2.0
769,769,1.0
770,770,1.0
771,771,1.0
772,772,1.0
773,773,5.0
774,774,23.0
775,775,111.0
776,776,176.0
777,777,58.0
778,778,24.0
779,779,23.0
780,780,23.0
781,781,25.0
782,782,45.0
783,783,155.0
784,784,199.0
785,785,69.0
786,786,37.0
787,787,24.0
788,788,22.0
789,789,19.0
790,790,10.0
791,791,7.0
792,792,3.0
793,793,1.0
794,794,1.0
795,795,1.0
796,796,1.0
797,797,5.0
798,798,22.0
799,799,152.0
800,800,197.0
801,801,61.0
802,802,28.0
803,803,27.0
804,804,27.0
805,805,28.0
806,806,48.0
807,807,162.0
808,808,192.0
809,809,66.0
810,810,38.0
811,811,25.0
812,812,20.0
813,813,21.0
814,814,12.0
815,815,7.0
816,816,4.0
817,817,1.0
818,818,1.0
819,819,1.0
820,820,1.0
821,821,5.0
822,822,21.0
823,823,137.0
824,824,171.0
825,825,53.0
826,826,26.0
827,827,25.0
828,828,26.0
829,829,26.0
830,830,48.0
831,831,158.0
832,832,193.0
833,833,67.0
834,834,37.0
835,835,17.0
836,836,14.0
837,837,11.0
838,838,11.0
839,839,7.0
840,840,5.0
841,841,2.0
842,842,1.0
843,843,1.0
844,844,1.0
845,845,1.0
846,846,3.0
847,847,6.0
848,848,5.0
849,849,9.0
850,850,10.0
851,851,18.0
852,852,21.0
853,853,23.0
854,854,24.0
855,855,24.0
856,856,28.0
857,857,19.0
858,858,17.0
859,859,12.0
860,860,12.0
861,861,11.0
862,862,9.0
863,863,5.0
864,864,4.0
865,865,2.0
866,866,2.0
867,867,2.0
868,868,1.0
869,869,1.0
870,870,2.0
871,871,5.0
872,872,5.0
873,873,8.0
874,874,9.0
875,875,17.0
876,876,20.0
877,877,25.0
878,878,28.0
879,879,32.0
880,880,27.0
881,881,23.0
882,882,20.0
883,883,15.0
884,884,10.0
885,885,11.0
886,886,9.0
887,887,4.0
888,888,2.0
889,889,1.0
890,890,1.0
891,891,1.0
892,892,2.0
893,893,7.0
894,894,31.0
895,895,159.0
896,896,202.0
897,897,66.0
898,898,25.0
899,899,23.0
900,900,27.0
901,901,30.0
902,902,47.0
903,903,174.0
904,904,237.0
905,905,88.0
906,906,45.0
907,907,32.0
908,908,21.0
909,909,18.0
910,910,11.0
911,911,6.0
912,912,2.0
913,913,1.0
914,914,1.0
915,915,1.0
916,916,2.0
917,917,7.0
918,918,28.0
919,919,177.0
920,920,219.0
921,921,67.0
922,922,31.0
923,923,30.0
924,924,30.0
925,925,30.0
926,926,51.0
927,927,176.0
928,928,230.0
929,929,88.0
930,930,47.0
931,931,35.0
932,932,24.0
933,933,18.0
934,934,13.0
935,935,7.0
936,936,2.0
937,937,1.0
938,938,1.0
939,939,1.0
940,940,2.0
941,941,7.0
942,942,26.0
943,943,171.0
944,944,218.0
945,945,62.0
946,946,31.0
947,947,25.0
948,948,26.0
949,949,29.0
950,950,51.0
951,951,168.0
952,952,219.0
953,953,88.0
954,954,48.0
955,955,36.0
956,956,22.0
957,957,20.0
958,958,13.0
959,959,9.0
960,960,2.0
961,961,1.0
962,962,1.0
963,963,1.0
964,964,1.0
965,965,6.0
966,966,24.0
967,967,152.0
968,968,196.0
969,969,61.0
970,970,26.0
971,971,25.0
972,972,27.0
973,973,27.0
974,974,54.0
975,975,158.0
976,976,217.0
977,977,79.0
978,978,47.0
979,979,37.0
980,980,24.0
981,981,24.0
982,982,18.0
983,983,8.0
984,984,4.0
985,985,1.0
986,986,0.0
987,987,1.0
988,988,2.0
989,989,5.0
990,990,23.0
991,991,137.0
992,992,165.0
993,993,50.0
994,994,23.0
995,995,25.0
996,996,24.0
997,997,24.0
998,998,43.0
999,999,159.0
1000,1000,202.0
1001,1001,70.0
1002,1002,43.0
1003,1003,23.0
1004,1004,19.0
1005,1005,16.0
1006,1006,15.0
1007,1007,9.0
1008,1008,6.0
1009,1009,2.0
1010,1010,2.0
1011,1011,2.0
1012,1012,0.0
1013,1013,1.0
1014,1014,3.0
1015,1015,6.0
1016,1016,7.0
1017,1017,13.0
1018,1018,14.0
1019,1019,17.0
1020,1020,25.0
1021,1021,27.0
1022,1022,33.0
1023,1023,32.0
1024,1024,30.0
1025,1025,20.0
1026,1026,18.0
1027,1027,14.0
1028,1028,13.0
1029,1029,11.0
1030,1030,10.0
1031,1031,6.0
1032,1032,4.0
1033,1033,2.0
1034,1034,2.0
1035,1035,2.0
1036,1036,1.0
1037,1037,1.0
1038,1038,2.0
1039,1039,4.0
1040,1040,3.0
1041,1041,10.0
1042,1042,14.0
1043,1043,18.0
1044,1044,23.0
1045,1045,24.0
1046,1046,29.0
1047,1047,29.0
1048,1048,29.0
1049,1049,21.0
1050,1050,16.0
1051,1051,14.0
1052,1052,14.0
1053,1053,12.0
1054,1054,10.0
1055,1055,4.0
1056,1056,3.0
1057,1057,1.0
1058,1058,1.0
1059,1059,1.0
1060,1060,2.0
1061,1061,7.0
1062,1062,34.0
1063,1063,189.0
1064,1064,227.0
1065,1065,74.0
1066,1066,34.0
1067,1067,34.0
1068,1068,32.0
1069,1069,34.0
1070,1070,58.0
1071,1071,177.0
1072,1072,241.0
1073,1073,83.0
1074,1074,52.0
1075,1075,27.0
1076,1076,26.0
1077,1077,21.0
1078,1078,13.0
1079,1079,7.0
1080,1080,3.0
1081,1081,1.0
1082,1082,2.0
1083,1083,1.0
1084,1084,2.0
1085,1085,7.0
1086,1086,25.0
1087,1087,175.0
1088,1088,218.0
1089,1089,64.0
1090,1090,27.0
1091,1091,31.0
1092,1092,25.0
1093,1093,32.0
1094,1094,52.0
1095,1095,175.0
1096,1096,229.0
1097,1097,86.0
1098,1098,58.0
1099,1099,35.0
1100,1100,25.0
1101,1101,19.0
1102,1102,12.0
1103,1103,7.0
1104,1104,2.0
1105,1105,0.0
1106,1106,1.0
1107,1107,1.0
1108,1108,1.0
1109,1109,6.0
1110,1110,27.0
1111,1111,177.0
1112,1112,222.0
1113,1113,65.0
1114,1114,34.0
1115,1115,33.0
1116,1116,33.0
1117,1117,26.0
1118,1118,52.0
1119,1119,165.0
1120,1120,206.0
1121,1121,83.0
1122,1122,53.0
1123,1123,31.0
1124,1124,28.0
1125,1125,19.0
1126,1126,14.0
1127,1127,8.0
1128,1128,2.0
1129,1129,1.0
1130,1130,1.0
1131,1131,1.0
1132,1132,1.0
1133,1133,6.0
1134,1134,30.0
1135,1135,156.0
1136,1136,194.0
1137,1137,60.0
1138,1138,24.0
1139,1139,25.0
1140,1140,26.0
1141,1141,26.0
1142,1142,51.0
1143,1143,161.0
1144,1144,221.0
1145,1145,79.0
1146,1146,57.0
1147,1147,37.0
1148,1148,24.0
1149,1149,19.0
1150,1150,14.0
1151,1151,10.0
1152,1152,5.0
1153,1153,1.0
1154,1154,1.0
1155,1155,1.0
1156,1156,1.0
1157,1157,5.0
1158,1158,21.0
1159,1159,136.0
1160,1160,167.0
1161,1161,55.0
1162,1162,27.0
1163,1163,25.0
1164,1164,34.0
1165,1165,38.0
1166,1166,60.0
1167,1167,160.0
1168,1168,209.0
1169,1169,66.0
1170,1170,47.0
1171,1171,20.0
1172,1172,15.0
1173,1173,11.0
1174,1174,13.0
1175,1175,8.0
1176,1176,4.0
1177,1177,2.0
1178,1178,2.0
1179,1179,2.0
1180,1180,1.0
1181,1181,1.0
1182,1182,3.0
1183,1183,6.0
1184,1184,7.0
1185,1185,8.0
1186,1186,10.0
1187,1187,16.0
1188,1188,17.0
1189,1189,21.0
1190,1190,23.0
1191,1191,21.0
1192,1192,21.0
1193,1193,19.0
1194,1194,18.0
1195,1195,11.0
1196,1196,9.0
1197,1197,8.0
1198,1198,7.0
1199,1199,6.0
1200,1200,4.0
1201,1201,2.0
1202,1202,1.0
1203,1203,1.0
1204,1204,1.0
1205,1205,1.0
1206,1206,2.0
1207,1207,5.0
1208,1208,6.0
1209,1209,8.0
1210,1210,10.0
1211,1211,12.0
1212,1212,12.0
1213,1213,15.0
1214,1214,18.0
1215,1215,18.0
1216,1216,19.0
1217,1217,16.0
1218,1218,15.0
1219,1219,13.0
1220,1220,14.0
1221,1221,12.0
1222,1222,7.0
1223,1223,4.0
1224,1224,2.0
1225,1225,1.0
1226,1226,1.0
1227,1227,1.0
1228,1228,1.0
1229,1229,7.0
1230,1230,24.0
1231,1231,169.0
1232,1232,200.0
1233,1233,71.0
1234,1234,34.0
1235,1235,31.0
1236,1236,33.0
1237,1237,33.0
1238,1238,58.0
1239,1239,171.0
1240,1240,242.0
1241,1241,90.0
1242,1242,63.0
1243,1243,35.0
1244,1244,28.0
1245,1245,23.0
1246,1246,16.0
1247,1247,7.0
1248,1248,2.0
1249,1249,1.0
1250,1250,1.0
1251,1251,1.0
1252,1252,2.0
1253,1253,6.0
1254,1254,23.0
1255,1255,155.0
1256,1256,194.0
1257,1257,63.0
1258,1258,26.0
1259,1259,20.0
1260,1260,20.0
1261,1261,23.0
1262,1262,41.0
1263,1263,165.0
1264,1264,231.0
1265,1265,80.0
1266,1266,59.0
1267,1267,39.0
1268,1268,29.0
1269,1269,20.0
1270,1270,15.0
1271,1271,7.0
1272,1272,3.0
1273,1273,1.0
1274,1274,1.0
1275,1275,1.0
1276,1276,1.0
1277,1277,6.0
1278,1278,26.0
1279,1279,175.0
1280,1280,214.0
1281,1281,62.0
1282,1282,35.0
1283,1283,35.0
1284,1284,34.0
1285,1285,33.0
1286,1286,47.0
1287,1287,152.0
1288,1288,200.0
1289,1289,88.0
1290,1290,52.0
1291,1291,36.0
1292,1292,26.0
1293,1293,18.0
1294,1294,14.0
1295,1295,9.0
1296,1296,2.0
1297,1297,1.0
1298,1298,1.0
1299,1299,1.0
1300,1300,1.0
1301,1301,6.0
1302,1302,22.0
1303,1303,136.0
1304,1304,159.0
1305,1305,50.0
1306,1306,19.0
1307,1307,23.0
1308,1308,19.0
1309,1309,25.0
1310,1310,45.0
1311,1311,105.0
1312,1312,153.0
1313,1313,61.0
1314,1314,46.0
1315,1315,27.0
1316,1316,15.0
1317,1317,12.0
1318,1318,13.0
1319,1319,6.0
1320,1320,4.0
1321,1321,1.0
1322,1322,1.0
1323,1323,1.0
1324,1324,1.0
1325,1325,5.0
1326,1326,21.0
1327,1327,140.0
1328,1328,160.0
1329,1329,46.0
1330,1330,14.0
1331,1331,15.0
1332,1332,15.0
1333,1333,16.0
1334,1334,37.0
1335,1335,59.0
1336,1336,116.0
1337,1337,59.0
1338,1338,33.0
1339,1339,22.0
1340,1340,15.0
1341,1341,11.0
1342,1342,10.0
1343,1343,7.0
1344,1344,4.0
1345,1345,2.0
1346,1346,2.0
1347,1347,2.0
1348,1348,1.0
1349,1349,1.0
1350,1350,3.0
1351,1351,5.0
1352,1352,5.0
1353,1353,11.0
1354,1354,13.0
1355,1355,17.0
1356,1356,21.0
1357,1357,23.0
1358,1358,29.0
1359,1359,30.0
1360,1360,30.0
1361,1361,23.0
1362,1362,21.0
1363,1363,14.0
1364,1364,13.0
1365,1365,10.0
1366,1366,10.0
1367,1367,8.0
1368,1368,6.0
1369,1369,3.0
1370,1370,2.0
1371,1371,2.0
1372,1372,1.0
1373,1373,1.0
1374,1374,3.0
1375,1375,5.0
1376,1376,5.0
1377,1377,12.0
1378,1378,21.0
1379,1379,24.0
1380,1380,24.0
1381,1381,24.0
1382,1382,24.0
1383,1383,25.0
1384,1384,24.0
1385,1385,20.0
1386,1386,19.0
1387,1387,11.0
1388,1388,10.0
1389,1389,9.0
1390,1390,10.0
1391,1391,6.0
1392,1392,2.0
1393,1393,1.0
1394,1394,2.0
1395,1395,1.0
1396,1396,1.0
1397,1397,5.0
1398,1398,28.0
1399,1399,130.0
1400,1400,156.0
1401,1401,52.0
1402,1402,26.0
1403,1403,25.0
1404,1404,24.0
1405,1405,25.0
1406,1406,43.0
1407,1407,96.0
1408,1408,129.0
1409,1409,66.0
1410,1410,42.0
1411,1411,24.0
1412,1412,16.0
1413,1413,13.0
1414,1414,13.0
1415,1415,5.0
1416,1416,2.0
1417,1417,0.0
1418,1418,0.0
1419,1419,0.0
1420,1420,1.0
1421,1421,5.0
1422,1422,16.0
1423,1423,61.0
1424,1424,94.0
1425,1425,20.0
1426,1426,14.0
1427,1427,17.0
1428,1428,10.0
1429,1429,11.0
1430,1430,40.0
1431,1431,63.0
1432,1432,81.0
1433,1433,94.0
1434,1434,47.0
1435,1435,31.0
1436,1436,28.0
1437,1437,23.0
1438,1438,12.0
1439,1439,5.0
1440,1440,3.0
1441,1441,1.0
1442,1442,1.0
1443,1443,1.0
1444,1444,2.0
1445,1445,6.0
1446,1446,14.0
1447,1447,62.0
1448,1448,171.0
1449,1449,23.0
1450,1450,29.0
1451,1451,29.0
1452,1452,28.0
1453,1453,32.0
1454,1454,44.0
1455,1455,102.0
1456,1456,96.0
1457,1457,111.0
1458,1458,59.0
1459,1459,40.0
1460,1460,37.0
1461,1461,25.0
1462,1462,15.0
1463,1463,5.0
1464,1464,4.0
1465,1465,1.0
1466,1466,1.0
1467,1467,1.0
1468,1468,2.0
1469,1469,7.0
1470,1470,27.0
1471,1471,81.0
1472,1472,119.0
1473,1473,28.0
1474,1474,28.0
1475,1475,30.0
1476,1476,44.0
1477,1477,43.0
1478,1478,75.0
1479,1479,159.0
1480,1480,121.0
1481,1481,102.0
1482,1482,70.0
1483,1483,50.0
1484,1484,42.0
1485,1485,33.0
1486,1486,17.0
1487,1487,8.0
1488,1488,4.0
1489,1489,2.0
1490,1490,2.0
1491,1491,2.0
1492,1492,2.0
1493,1493,7.0
1494,1494,30.0
1495,1495,109.0
1496,1496,128.0
1497,1497,26.0
1498,1498,34.0
1499,1499,34.0
1500,1500,34.0
1501,1501,33.0
1502,1502,65.0
1503,1503,102.0
1504,1504,104.0
1505,1505,50.0
1506,1506,41.0
1507,1507,18.0
1508,1508,17.0
1509,1509,11.0
1510,1510,10.0
1511,1511,6.0
1512,1512,3.0
1513,1513,1.0
1514,1514,1.0
1515,1515,1.0
1516,1516,1.0
1517,1517,1.0
1518,1518,3.0
1519,1519,5.0
1520,1520,5.0
1521,1521,10.0
1522,1522,12.0
1523,1523,15.0
1524,1524,21.0
1525,1525,23.0
1526,1526,26.0
1527,1527,25.0
1528,1528,25.0
1529,1529,24.0
1530,1530,20.0
1531,1531,16.0
1532,1532,12.0
1533,1533,9.0
1534,1534,7.0
1535,1535,5.0
1536,1536,3.0
1537,1537,1.0
1538,1538,1.0
1539,1539,1.0
1540,1540,1.0
1541,1541,1.0
1542,1542,2.0
1543,1543,6.0
1544,1544,6.0
1545,1545,14.0
1546,1546,17.0
1547,1547,28.0
1548,1548,34.0
1549,1549,42.0
1550,1550,48.0
1551,1551,47.0
1552,1552,35.0
1553,1553,35.0
1554,1554,30.0
1555,1555,21.0
1556,1556,15.0
1557,1557,12.0
1558,1558,10.0
1559,1559,6.0
1560,1560,2.0
1561,1561,1.0
1562,1562,0.0
1563,1563,1.0
1564,1564,1.0
1565,1565,8.0
1566,1566,35.0
1567,1567,171.0
1568,1568,221.0
1569,1569,56.0
1570,1570,29.0
1571,1571,25.0
1572,1572,27.0
1573,1573,24.0
1574,1574,59.0
1575,1575,174.0
1576,1576,206.0
1577,1577,102.0
1578,1578,67.0
1579,1579,45.0
1580,1580,35.0
1581,1581,26.0
1582,1582,17.0
1583,1583,6.0
1584,1584,3.0
1585,1585,1.0
1586,1586,1.0
1587,1587,1.0
1588,1588,1.0
1589,1589,8.0
1590,1590,37.0
1591,1591,151.0
1592,1592,198.0
1593,1593,61.0
1594,1594,31.0
1595,1595,38.0
1596,1596,40.0
1597,1597,51.0
1598,1598,84.0
1599,1599,189.0
1600,1600,227.0
1601,1601,117.0
1602,1602,85.0
1603,1603,59.0
1604,1604,55.0
1605,1605,38.0
1606,1606,19.0
1607,1607,10.0
1608,1608,3.0
1609,1609,2.0
1610,1610,2.0
1611,1611,2.0
1612,1612,1.0
1613,1613,7.0
1614,1614,41.0
1615,1615,165.0
1616,1616,218.0
1617,1617,58.0
1618,1618,50.0
1619,1619,49.0
1620,1620,54.0
1621,1621,56.0
1622,1622,92.0
1623,1623,245.0
1624,1624,238.0
1625,1625,122.0
1626,1626,87.0
1627,1627,60.0
1628,1628,46.0
1629,1629,38.0
1630,1630,19.0
1631,1631,9.0
1632,1632,5.0
1633,1633,1.0
1634,1634,1.0
1635,1635,1.0
1636,1636,2.0
1637,1637,8.0
1638,1638,38.0
1639,1639,146.0
1640,1640,180.0
1641,1641,69.0
1642,1642,51.0
1643,1643,51.0
1644,1644,57.0
1645,1645,58.0
1646,1646,91.0
1647,1647,215.0
1648,1648,194.0
1649,1649,130.0
1650,1650,89.0
1651,1651,59.0
1652,1652,41.0
1653,1653,38.0
1654,1654,18.0
1655,1655,14.0
1656,1656,5.0
1657,1657,3.0
1658,1658,2.0
1659,1659,3.0
1660,1660,3.0
1661,1661,7.0
1662,1662,39.0
1663,1663,183.0
1664,1664,209.0
1665,1665,90.0
1666,1666,67.0
1667,1667,65.0
1668,1668,67.0
1669,1669,62.0
1670,1670,98.0
1671,1671,235.0
1672,1672,243.0
1673,1673,113.0
1674,1674,73.0
1675,1675,41.0
1676,1676,36.0
1677,1677,28.0
1678,1678,23.0
1679,1679,16.0
1680,1680,8.0
1681,1681,5.0
1682,1682,4.0
1683,1683,4.0
1684,1684,1.0
1685,1685,3.0
1686,1686,5.0
1687,1687,10.0
1688,1688,13.0
1689,1689,30.0
1690,1690,30.0
1691,1691,36.0
1692,1692,42.0
1693,1693,39.0
1694,1694,43.0
1695,1695,34.0
1696,1696,32.0
1697,1697,28.0
1698,1698,25.0
1699,1699,24.0
1700,1700,24.0
1701,1701,22.0
1702,1702,16.0
1703,1703,17.0
1704,1704,10.0
1705,1705,5.0
1706,1706,4.0
1707,1707,5.0
1708,1708,3.0
1709,1709,2.0
1710,1710,4.0
1711,1711,7.0
1712,1712,8.0
1713,1713,15.0
1714,1714,27.0
1715,1715,40.0
1716,1716,40.0
1717,1717,33.0
1718,1718,36.0
1719,1719,40.0
1720,1720,38.0
1721,1721,34.0
1722,1722,36.0
1723,1723,32.0
1724,1724,27.0
1725,1725,24.0
1726,1726,21.0
1727,1727,14.0
1728,1728,4.0
1729,1729,3.0
1730,1730,2.0
1731,1731,2.0
1732,1732,2.0
1733,1733,7.0
1734,1734,45.0
1735,1735,210.0
1736,1736,214.0
1737,1737,99.0
1738,1738,67.0
1739,1739,67.0
1740,1740,69.0
1741,1741,71.0
1742,1742,105.0
1743,1743,261.0
1744,1744,192.0
1745,1745,119.0
1746,1746,76.0
1747,1747,55.0
1748,1748,42.0
1749,1749,32.0
1750,1750,15.0
1751,1751,7.0
1752,1752,2.0
1753,1753,1.0
1754,1754,1.0
1755,1755,1.0
1756,1756,1.0
1757,1757,8.0
1758,1758,48.0
1759,1759,174.0
1760,1760,204.0
1761,1761,48.0
1762,1762,32.0
1763,1763,30.0
1764,1764,30.0
1765,1765,28.0
1766,1766,56.0
1767,1767,170.0
1768,1768,212.0
1769,1769,111.0
1770,1770,63.0
1771,1771,46.0
1772,1772,34.0
1773,1773,26.0
1774,1774,16.0
1775,1775,8.0
1776,1776,3.0
1777,1777,1.0
1778,1778,1.0
1779,1779,1.0
1780,1780,1.0
1781,1781,7.0
1782,1782,36.0
1783,1783,158.0
1784,1784,204.0
1785,1785,59.0
1786,1786,33.0
1787,1787,33.0
1788,1788,33.0
1789,1789,45.0
1790,1790,72.0
1791,1791,136.0
1792,1792,154.0
1793,1793,127.0
1794,1794,75.0
1795,1795,51.0
1796,1796,44.0
1797,1797,33.0
1798,1798,22.0
1799,1799,13.0
1800,1800,5.0
1801,1801,3.0
1802,1802,2.0
1803,1803,1.0
1804,1804,2.0
1805,1805,8.0
1806,1806,29.0
1807,1807,145.0
1808,1808,180.0
1809,1809,58.0
1810,1810,30.0
1811,1811,27.0
1812,1812,27.0
1813,1813,29.0
1814,1814,44.0
1815,1815,136.0
1816,1816,170.0
1817,1817,94.0
1818,1818,59.0
1819,1819,46.0
1820,1820,37.0
1821,1821,24.0
1822,1822,13.0
1823,1823,8.0
1824,1824,4.0
1825,1825,2.0
1826,1826,2.0
1827,1827,1.0
1828,1828,1.0
1829,1829,7.0
1830,1830,42.0
1831,1831,140.0
1832,1832,220.0
1833,1833,64.0
1834,1834,35.0
1835,1835,37.0
1836,1836,37.0
1837,1837,38.0
1838,1838,59.0
1839,1839,170.0
1840,1840,186.0
1841,1841,92.0
1842,1842,51.0
1843,1843,26.0
1844,1844,21.0
1845,1845,15.0
1846,1846,11.0
1847,1847,8.0
1848,1848,5.0
1849,1849,2.0
1850,1850,2.0
1851,1851,2.0
1852,1852,1.0
1853,1853,1.0
1854,1854,5.0
1855,1855,7.0
1856,1856,12.0
1857,1857,22.0
1858,1858,21.0
1859,1859,34.0
1860,1860,37.0
1861,1861,43.0
1862,1862,50.0
1863,1863,49.0
1864,1864,48.0
1865,1865,38.0
1866,1866,30.0
1867,1867,21.0
1868,1868,15.0
1869,1869,12.0
1870,1870,10.0
1871,1871,6.0
1872,1872,4.0
1873,1873,2.0
1874,1874,1.0
1875,1875,1.0
1876,1876,1.0
1877,1877,1.0
1878,1878,3.0
1879,1879,7.0
1880,1880,9.0
1881,1881,22.0
1882,1882,29.0
1883,1883,43.0
1884,1884,45.0
1885,1885,48.0
1886,1886,50.0
1887,1887,43.0
1888,1888,46.0
1889,1889,41.0
1890,1890,30.0
1891,1891,20.0
1892,1892,17.0
1893,1893,14.0
1894,1894,10.0
1895,1895,7.0
1896,1896,3.0
1897,1897,1.0
1898,1898,1.0
1899,1899,2.0
1900,1900,1.0
1901,1901,7.0
1902,1902,32.0
1903,1903,132.0
1904,1904,206.0
1905,1905,69.0
1906,1906,49.0
1907,1907,54.0
1908,1908,59.0
1909,1909,53.0
1910,1910,85.0
1911,1911,181.0
1912,1912,159.0
1913,1913,134.0
1914,1914,88.0
1915,1915,50.0
1916,1916,42.0
1917,1917,37.0
1918,1918,16.0
1919,1919,7.0
1920,1920,2.0
1921,1921,1.0
1922,1922,1.0
1923,1923,1.0
1924,1924,1.0
1925,1925,9.0
1926,1926,48.0
1927,1927,116.0
1928,1928,121.0
1929,1929,58.0
1930,1930,39.0
1931,1931,42.0
1932,1932,37.0
1933,1933,37.0
1934,1934,52.0
1935,1935,175.0
1936,1936,206.0
1937,1937,126.0
1938,1938,63.0
1939,1939,49.0
1940,1940,43.0
1941,1941,29.0
1942,1942,16.0
1943,1943,6.0
1944,1944,3.0
1945,1945,2.0
1946,1946,2.0
1947,1947,1.0
1948,1948,2.0
1949,1949,6.0
1950,1950,38.0
1951,1951,151.0
1952,1952,218.0
1953,1953,65.0
1954,1954,34.0
1955,1955,42.0
1956,1956,43.0
1957,1957,46.0
1958,1958,97.0
1959,1959,235.0
1960,1960,185.0
1961,1961,120.0
1962,1962,78.0
1963,1963,48.0
1964,1964,47.0
1965,1965,39.0
1966,1966,15.0
1967,1967,9.0
1968,1968,4.0
1969,1969,2.0
1970,1970,1.0
1971,1971,1.0
1972,1972,1.0
1973,1973,6.0
1974,1974,39.0
1975,1975,182.0
1976,1976,208.0
1977,1977,52.0
1978,1978,50.0
1979,1979,59.0
1980,1980,59.0
1981,1981,64.0
1982,1982,96.0
1983,1983,262.0
1984,1984,218.0
1985,1985,126.0
1986,1986,73.0
1987,1987,73.0
1988,1988,42.0
1989,1989,25.0
1990,1990,15.0
1991,1991,7.0
1992,1992,4.0
1993,1993,2.0
1994,1994,1.0
1995,1995,1.0
1996,1996,1.0
1997,1997,7.0
1998,1998,42.0
1999,1999,141.0
2000,2000,200.0
2001,2001,59.0
2002,2002,30.0
2003,2003,28.0
2004,2004,29.0
2005,2005,30.0
2006,2006,48.0
2007,2007,152.0
2008,2008,175.0
2009,2009,95.0
2010,2010,62.0
2011,2011,27.0
2012,2012,20.0
2013,2013,14.0
2014,2014,12.0
2015,2015,7.0
2016,2016,4.0
2017,2017,3.0
2018,2018,2.0
2019,2019,3.0
2020,2020,2.0
2021,2021,2.0
2022,2022,8.0
2023,2023,8.0
2024,2024,10.0
2025,2025,18.0
2026,2026,25.0
2027,2027,46.0
2028,2028,62.0
2029,2029,66.0
2030,2030,52.0
2031,2031,47.0
2032,2032,48.0
2033,2033,35.0
2034,2034,32.0
2035,2035,25.0
2036,2036,18.0
2037,2037,10.0
2038,2038,10.0
2039,2039,6.0
2040,2040,4.0
2041,2041,3.0
2042,2042,2.0
2043,2043,2.0
2044,2044,1.0
2045,2045,3.0
2046,2046,5.0
2047,2047,7.0
2048,2048,11.0
2049,2049,17.0
2050,2050,39.0
2051,2051,45.0
2052,2052,51.0
2053,2053,44.0
2054,2054,42.0
2055,2055,39.0
2056,2056,38.0
2057,2057,26.0
2058,2058,17.0
2059,2059,17.0
2060,2060,12.0
2061,2061,9.0
2062,2062,5.0
2063,2063,4.0
2064,2064,1.0
2065,2065,1.0
2066,2066,1.0
2067,2067,2.0
2068,2068,6.0
2069,2069,40.0
2070,2070,167.0
2071,2071,203.0
2072,2072,68.0
2073,2073,32.0
2074,2074,39.0
2075,2075,34.0
2076,2076,37.0
2077,2077,67.0
2078,2078,171.0
2079,2079,196.0
2080,2080,105.0
2081,2081,66.0
2082,2082,48.0
2083,2083,37.0
2084,2084,27.0
2085,2085,14.0
2086,2086,6.0
2087,2087,3.0
2088,2088,2.0
2089,2089,1.0
2090,2090,1.0
2091,2091,2.0
2092,2092,5.0
2093,2093,38.0
2094,2094,132.0
2095,2095,155.0
2096,2096,56.0
2097,2097,28.0
2098,2098,24.0
2099,2099,29.0
2100,2100,28.0
2101,2101,48.0
2102,2102,126.0
2103,2103,157.0
2104,2104,100.0
2105,2105,50.0
2106,2106,36.0
2107,2107,34.0
2108,2108,29.0
2109,2109,14.0
2110,2110,5.0
2111,2111,3.0
2112,2112,2.0
2113,2113,1.0
2114,2114,1.0
2115,2115,1.0
2116,2116,5.0
2117,2117,38.0
2118,2118,140.0
2119,2119,164.0
2120,2120,45.0
2121,2121,31.0
2122,2122,33.0
2123,2123,35.0
2124,2124,36.0
2125,2125,62.0
2126,2126,145.0
2127,2127,156.0
2128,2128,89.0
2129,2129,63.0
2130,2130,43.0
2131,2131,38.0
2132,2132,29.0
2133,2133,15.0
2134,2134,6.0
2135,2135,4.0
2136,2136,2.0
2137,2137,1.0
2138,2138,1.0
2139,2139,1.0
2140,2140,4.0
2141,2141,31.0
2142,2142,96.0
2143,2143,133.0
2144,2144,40.0
2145,2145,27.0
2146,2146,29.0
2147,2147,35.0
2148,2148,42.0
2149,2149,68.0
2150,2150,155.0
2151,2151,178.0
2152,2152,106.0
2153,2153,68.0
2154,2154,46.0
2155,2155,38.0
2156,2156,29.0
2157,2157,15.0
2158,2158,6.0
2159,2159,6.0
2160,2160,2.0
2161,2161,2.0
2162,2162,2.0
2163,2163,2.0
2164,2164,4.0
2165,2165,34.0
2166,2166,162.0
2167,2167,216.0
2168,2168,85.0
2169,2169,43.0
2170,2170,45.0
2171,2171,42.0
2172,2172,54.0
2173,2173,97.0
2174,2174,224.0
2175,2175,222.0
2176,2176,116.0
2177,2177,61.0
2178,2178,39.0
2179,2179,34.0
2180,2180,25.0
2181,2181,21.0
2182,2182,15.0
2183,2183,7.0
2184,2184,4.0
2185,2185,3.0
2186,2186,3.0
2187,2187,2.0
2188,2188,2.0
2189,2189,7.0
2190,2190,13.0
2191,2191,14.0
2192,2192,19.0
2193,2193,20.0
2194,2194,17.0
2195,2195,14.0
2196,2196,15.0
2197,2197,16.0
2198,2198,15.0
2199,2199,15.0
2200,2200,14.0
2201,2201,16.0
2202,2202,30.0
2203,2203,26.0
2204,2204,22.0
2205,2205,15.0
2206,2206,13.0
2207,2207,6.0
2208,2208,2.0
2209,2209,2.0
2210,2210,3.0
2211,2211,1.0
2212,2212,2.0
2213,2213,3.0
2214,2214,6.0
2215,2215,6.0
2216,2216,8.0
2217,2217,13.0
2218,2218,16.0
2219,2219,24.0
2220,2220,30.0
2221,2221,33.0
2222,2222,22.0
2223,2223,15.0
2224,2224,15.0
2225,2225,15.0
2226,2226,29.0
2227,2227,30.0
2228,2228,24.0
2229,2229,16.0
2230,2230,13.0
2231,2231,3.0
2232,2232,1.0
2233,2233,1.0
2234,2234,1.0
2235,2235,1.0
2236,2236,7.0
2237,2237,44.0
2238,2238,175.0
2239,2239,188.0
2240,2240,84.0
2241,2241,44.0
2242,2242,43.0
2243,2243,45.0
2244,2244,46.0
2245,2245,75.0
2246,2246,158.0
2247,2247,192.0
2248,2248,86.0
2249,2249,70.0
2250,2250,42.0
2251,2251,44.0
2252,2252,35.0
2253,2253,30.0
2254,2254,15.0
2255,2255,3.0
2256,2256,1.0
2257,2257,1.0
2258,2258,1.0
2259,2259,1.0
2260,2260,7.0
2261,2261,36.0
2262,2262,169.0
2263,2263,210.0
2264,2264,87.0
2265,2265,44.0
2266,2266,43.0
2267,2267,43.0
2268,2268,44.0
2269,2269,69.0
2270,2270,244.0
2271,2271,267.0
2272,2272,129.0
2273,2273,75.0
2274,2274,48.0
2275,2275,44.0
2276,2276,43.0
2277,2277,30.0
2278,2278,15.0
2279,2279,3.0
2280,2280,1.0
2281,2281,2.0
2282,2282,1.0
2283,2283,1.0
2284,2284,7.0
2285,2285,42.0
2286,2286,177.0
2287,2287,211.0
2288,2288,83.0
2289,2289,49.0
2290,2290,50.0
2291,2291,55.0
2292,2292,59.0
2293,2293,89.0
2294,2294,234.0
2295,2295,271.0
2296,2296,138.0
2297,2297,89.0
2298,2298,51.0
2299,2299,48.0
2300,2300,44.0
2301,2301,31.0
2302,2302,16.0
2303,2303,5.0
2304,2304,1.0
2305,2305,1.0
2306,2306,1.0
2307,2307,1.0
2308,2308,6.0
2309,2309,36.0
2310,2310,184.0
2311,2311,199.0
2312,2312,90.0
2313,2313,45.0
2314,2314,46.0
2315,2315,49.0
2316,2316,49.0
2317,2317,83.0
2318,2318,216.0
2319,2319,226.0
2320,2320,118.0
2321,2321,77.0
2322,2322,49.0
2323,2323,47.0
2324,2324,37.0
2325,2325,31.0
2326,2326,18.0
2327,2327,6.0
2328,2328,2.0
2329,2329,2.0
2330,2330,2.0
2331,2331,2.0
2332,2332,6.0
2333,2333,41.0
2334,2334,148.0
2335,2335,200.0
2336,2336,90.0
2337,2337,46.0
2338,2338,46.0
2339,2339,48.0
2340,2340,58.0
2341,2341,91.0
2342,2342,148.0
2343,2343,159.0
2344,2344,101.0
2345,2345,72.0
2346,2346,40.0
2347,2347,37.0
2348,2348,29.0
2349,2349,21.0
2350,2350,18.0
2351,2351,7.0
2352,2352,2.0
2353,2353,2.0
2354,2354,2.0
2355,2355,1.0
2356,2356,2.0
2357,2357,5.0
2358,2358,7.0
2359,2359,10.0
2360,2360,17.0
2361,2361,17.0
2362,2362,25.0
2363,2363,26.0
2364,2364,31.0
2365,2365,35.0
2366,2366,28.0
2367,2367,29.0
2368,2368,29.0
2369,2369,28.0
2370,2370,31.0
2371,2371,31.0
2372,2372,25.0
2373,2373,17.0
2374,2374,12.0
2375,2375,6.0
2376,2376,2.0
2377,2377,2.0
2378,2378,2.0
2379,2379,1.0
2380,2380,2.0
2381,2381,3.0
2382,2382,6.0
2383,2383,6.0
2384,2384,10.0
2385,2385,14.0
2386,2386,25.0
2387,2387,27.0
2388,2388,30.0
2389,2389,30.0
2390,2390,35.0
2391,2391,37.0
2392,2392,30.0
2393,2393,26.0
2394,2394,33.0
2395,2395,36.0
2396,2396,23.0
2397,2397,18.0
2398,2398,13.0
2399,2399,3.0
2400,2400,1.0
2401,2401,1.0
2402,2402,1.0
2403,2403,1.0
2404,2404,6.0
2405,2405,35.0
2406,2406,177.0
2407,2407,225.0
2408,2408,86.0
2409,2409,45.0
2410,2410,49.0
2411,2411,58.0
2412,2412,60.0
2413,2413,93.0
2414,2414,289.0
2415,2415,275.0
2416,2416,130.0
2417,2417,81.0
2418,2418,66.0
2419,2419,52.0
2420,2420,41.0
2421,2421,28.0
2422,2422,15.0
2423,2423,4.0
2424,2424,2.0
2425,2425,2.0
2426,2426,2.0
2427,2427,2.0
2428,2428,6.0
2429,2429,43.0
2430,2430,158.0
2431,2431,237.0
2432,2432,88.0
2433,2433,57.0
2434,2434,58.0
2435,2435,56.0
2436,2436,57.0
2437,2437,92.0
2438,2438,269.0
2439,2439,257.0
2440,2440,162.0
2441,2441,81.0
2442,2442,59.0
2443,2443,55.0
2444,2444,44.0
2445,2445,30.0
2446,2446,14.0
2447,2447,4.0
2448,2448,2.0
2449,2449,2.0
2450,2450,1.0
2451,2451,1.0
2452,2452,8.0
2453,2453,48.0
2454,2454,177.0
2455,2455,261.0
2456,2456,84.0
2457,2457,53.0
2458,2458,54.0
2459,2459,56.0
2460,2460,58.0
2461,2461,92.0
2462,2462,228.0
2463,2463,281.0
2464,2464,130.0
2465,2465,80.0
2466,2466,64.0
2467,2467,54.0
2468,2468,34.0
2469,2469,22.0
2470,2470,16.0
2471,2471,6.0
2472,2472,1.0
2473,2473,1.0
2474,2474,1.0
2475,2475,2.0
2476,2476,8.0
2477,2477,48.0
2478,2478,222.0
2479,2479,225.0
2480,2480,79.0
2481,2481,59.0
2482,2482,63.0
2483,2483,54.0
2484,2484,53.0
2485,2485,102.0
2486,2486,228.0
2487,2487,204.0
2488,2488,132.0
2489,2489,75.0
2490,2490,58.0
2491,2491,56.0
2492,2492,47.0
2493,2493,25.0
2494,2494,20.0
2495,2495,7.0
2496,2496,3.0
2497,2497,2.0
2498,2498,2.0
2499,2499,1.0
2500,2500,7.0
2501,2501,49.0
2502,2502,179.0
2503,2503,226.0
2504,2504,90.0
2505,2505,59.0
2506,2506,58.0
2507,2507,59.0
2508,2508,61.0
2509,2509,101.0
2510,2510,206.0
2511,2511,223.0
2512,2512,117.0
2513,2513,84.0
2514,2514,40.0
2515,2515,35.0
2516,2516,33.0
2517,2517,26.0
2518,2518,18.0
2519,2519,7.0
2520,2520,4.0
2521,2521,3.0
2522,2522,3.0
2523,2523,2.0
2524,2524,2.0
2525,2525,12.0
2526,2526,13.0
2527,2527,15.0
2528,2528,21.0
2529,2529,22.0
2530,2530,40.0
2531,2531,44.0
2532,2532,47.0
2533,2533,48.0
2534,2534,51.0
2535,2535,50.0
2536,2536,51.0
2537,2537,44.0
2538,2538,35.0
2539,2539,29.0
2540,2540,29.0
2541,2541,23.0
2542,2542,19.0
2543,2543,7.0
2544,2544,3.0
2545,2545,2.0
2546,2546,3.0
2547,2547,1.0
2548,2548,2.0
2549,2549,12.0
2550,2550,10.0
2551,2551,11.0
2552,2552,23.0
2553,2553,30.0
2554,2554,46.0
2555,2555,49.0
2556,2556,56.0
2557,2557,59.0
2558,2558,60.0
2559,2559,56.0
2560,2560,55.0
2561,2561,51.0
2562,2562,45.0
2563,2563,39.0
2564,2564,32.0
2565,2565,26.0
2566,2566,18.0
2567,2567,3.0
2568,2568,2.0
2569,2569,2.0
2570,2570,1.0
2571,2571,2.0
2572,2572,8.0
2573,2573,64.0
2574,2574,224.0
2575,2575,247.0
2576,2576,90.0
2577,2577,60.0
2578,2578,61.0
2579,2579,61.0
2580,2580,66.0
2581,2581,89.0
2582,2582,254.0
2583,2583,283.0
2584,2584,149.0
2585,2585,96.0
2586,2586,82.0
2587,2587,51.0
2588,2588,51.0
2589,2589,33.0
2590,2590,17.0
2591,2591,6.0
2592,2592,2.0
2593,2593,2.0
2594,2594,1.0
2595,2595,2.0
2596,2596,12.0
2597,2597,71.0
2598,2598,251.0
2599,2599,291.0
2600,2600,75.0
2601,2601,58.0
2602,2602,55.0
2603,2603,68.0
2604,2604,68.0
2605,2605,109.0
2606,2606,238.0
2607,2607,232.0
2608,2608,156.0
2609,2609,93.0
2610,2610,72.0
2611,2611,51.0
2612,2612,62.0
2613,2613,34.0
2614,2614,19.0
2615,2615,4.0
2616,2616,2.0
2617,2617,2.0
2618,2618,2.0
2619,2619,2.0
2620,2620,8.0
2621,2621,63.0
2622,2622,167.0
2623,2623,214.0
2624,2624,70.0
2625,2625,53.0
2626,2626,47.0
2627,2627,51.0
2628,2628,69.0
2629,2629,100.0
2630,2630,212.0
2631,2631,213.0
2632,2632,150.0
2633,2633,121.0
2634,2634,99.0
2635,2635,69.0
2636,2636,47.0
2637,2637,34.0
2638,2638,15.0
2639,2639,7.0
2640,2640,4.0
2641,2641,3.0
2642,2642,2.0
2643,2643,2.0
2644,2644,12.0
2645,2645,66.0
2646,2646,253.0
2647,2647,233.0
2648,2648,80.0
2649,2649,65.0
2650,2650,76.0
2651,2651,81.0
2652,2652,84.0
2653,2653,130.0
2654,2654,303.0
2655,2655,290.0
2656,2656,164.0
2657,2657,107.0
2658,2658,101.0
2659,2659,92.0
2660,2660,73.0
2661,2661,34.0
2662,2662,17.0
2663,2663,11.0
2664,2664,5.0
2665,2665,3.0
2666,2666,3.0
2667,2667,3.0
2668,2668,13.0
2669,2669,53.0
2670,2670,172.0
2671,2671,176.0
2672,2672,76.0
2673,2673,67.0
2674,2674,66.0
2675,2675,64.0
2676,2676,73.0
2677,2677,121.0
2678,2678,192.0
2679,2679,172.0
2680,2680,92.0
2681,2681,74.0
2682,2682,56.0
2683,2683,55.0
2684,2684,43.0
2685,2685,41.0
2686,2686,18.0
2687,2687,8.0
2688,2688,5.0
2689,2689,4.0
2690,2690,3.0
2691,2691,3.0
2692,2692,3.0
2693,2693,10.0
2694,2694,19.0
2695,2695,20.0
2696,2696,41.0
2697,2697,35.0
2698,2698,58.0
2699,2699,70.0
2700,2700,57.0
2701,2701,59.0
2702,2702,67.0
2703,2703,70.0
2704,2704,69.0
2705,2705,58.0
2706,2706,41.0
2707,2707,50.0
2708,2708,40.0
2709,2709,32.0
2710,2710,16.0
2711,2711,11.0
2712,2712,5.0
2713,2713,3.0
2714,2714,3.0
2715,2715,2.0
2716,2716,4.0
2717,2717,6.0
2718,2718,11.0
2719,2719,8.0
2720,2720,24.0
2721,2721,37.0
2722,2722,52.0
2723,2723,51.0
2724,2724,52.0
2725,2725,53.0
2726,2726,53.0
2727,2727,50.0
2728,2728,49.0
2729,2729,52.0
2730,2730,50.0
2731,2731,34.0
2732,2732,32.0
2733,2733,23.0
2734,2734,18.0
2735,2735,6.0
2736,2736,1.0
2737,2737,1.0
2738,2738,1.0
2739,2739,2.0
2740,2740,9.0
2741,2741,67.0
2742,2742,184.0
2743,2743,299.0
2744,2744,90.0
2745,2745,53.0
2746,2746,62.0
2747,2747,59.0
2748,2748,66.0
2749,2749,112.0
2750,2750,285.0
2751,2751,296.0
2752,2752,159.0
2753,2753,122.0
2754,2754,78.0
2755,2755,62.0
2756,2756,47.0
2757,2757,36.0
2758,2758,17.0
2759,2759,6.0
2760,2760,1.0
2761,2761,1.0
2762,2762,1.0
2763,2763,2.0
2764,2764,10.0
2765,2765,69.0
2766,2766,286.0
2767,2767,322.0
2768,2768,96.0
2769,2769,63.0
2770,2770,64.0
2771,2771,64.0
2772,2772,67.0
2773,2773,105.0
2774,2774,297.0
2775,2775,325.0
2776,2776,168.0
2777,2777,122.0
2778,2778,82.0
2779,2779,63.0
2780,2780,48.0
2781,2781,36.0
2782,2782,17.0
2783,2783,5.0
2784,2784,2.0
2785,2785,2.0
2786,2786,2.0
2787,2787,1.0
2788,2788,10.0
2789,2789,63.0
2790,2790,272.0
2791,2791,315.0
2792,2792,97.0
2793,2793,57.0
2794,2794,62.0
2795,2795,64.0
2796,2796,62.0
2797,2797,101.0
2798,2798,268.0
2799,2799,284.0
2800,2800,165.0
2801,2801,119.0
2802,2802,85.0
2803,2803,56.0
2804,2804,44.0
2805,2805,34.0
2806,2806,17.0
2807,2807,6.0
2808,2808,1.0
2809,2809,2.0
2810,2810,1.0
2811,2811,2.0
2812,2812,7.0
2813,2813,55.0
2814,2814,205.0
2815,2815,230.0
2816,2816,93.0
2817,2817,56.0
2818,2818,53.0
2819,2819,53.0
2820,2820,62.0
2821,2821,102.0
2822,2822,212.0
2823,2823,252.0
2824,2824,105.0
2825,2825,84.0
2826,2826,61.0
2827,2827,51.0
2828,2828,41.0
2829,2829,27.0
2830,2830,20.0
2831,2831,8.0
2832,2832,3.0
2833,2833,2.0
2834,2834,2.0
2835,2835,2.0
2836,2836,7.0
2837,2837,48.0
2838,2838,175.0
2839,2839,226.0
2840,2840,93.0
2841,2841,55.0
2842,2842,56.0
2843,2843,59.0
2844,2844,58.0
2845,2845,88.0
2846,2846,248.0
2847,2847,235.0
2848,2848,104.0
2849,2849,72.0
2850,2850,43.0
2851,2851,30.0
2852,2852,28.0
2853,2853,26.0
2854,2854,19.0
2855,2855,9.0
2856,2856,4.0
2857,2857,3.0
2858,2858,3.0
2859,2859,2.0
2860,2860,2.0
2861,2861,10.0
2862,2862,19.0
2863,2863,23.0
2864,2864,45.0
2865,2865,48.0
2866,2866,56.0
2867,2867,71.0
2868,2868,84.0
2869,2869,65.0
2870,2870,74.0
2871,2871,59.0
2872,2872,58.0
2873,2873,54.0
2874,2874,32.0
2875,2875,33.0
2876,2876,30.0
2877,2877,24.0
2878,2878,20.0
2879,2879,9.0
2880,2880,7.0
2881,2881,5.0
2882,2882,5.0
2883,2883,3.0
2884,2884,6.0
2885,2885,22.0
2886,2886,37.0
2887,2887,28.0
2888,2888,30.0
2889,2889,41.0
2890,2890,48.0
2891,2891,65.0
2892,2892,72.0
2893,2893,73.0
2894,2894,69.0
2895,2895,71.0
2896,2896,67.0
2897,2897,61.0
2898,2898,51.0
2899,2899,38.0
2900,2900,30.0
2901,2901,26.0
2902,2902,15.0
2903,2903,4.0
2904,2904,2.0
2905,2905,2.0
2906,2906,2.0
2907,2907,2.0
2908,2908,10.0
2909,2909,52.0
2910,2910,176.0
2911,2911,191.0
2912,2912,79.0
2913,2913,53.0
2914,2914,52.0
2915,2915,61.0
2916,2916,55.0
2917,2917,98.0
2918,2918,283.0
2919,2919,318.0
2920,2920,160.0
2921,2921,124.0
2922,2922,85.0
2923,2923,57.0
2924,2924,45.0
2925,2925,32.0
2926,2926,19.0
2927,2927,4.0
2928,2928,1.0
2929,2929,1.0
2930,2930,1.0
2931,2931,1.0
2932,2932,11.0
2933,2933,70.0
2934,2934,273.0
2935,2935,292.0
2936,2936,100.0
2937,2937,51.0
2938,2938,61.0
2939,2939,63.0
2940,2940,64.0
2941,2941,96.0
2942,2942,272.0
2943,2943,309.0
2944,2944,172.0
2945,2945,95.0
2946,2946,65.0
2947,2947,62.0
2948,2948,47.0
2949,2949,33.0
2950,2950,17.0
2951,2951,4.0
2952,2952,2.0
2953,2953,2.0
2954,2954,1.0
2955,2955,1.0
2956,2956,10.0
2957,2957,55.0
2958,2958,207.0
2959,2959,278.0
2960,2960,86.0
2961,2961,53.0
2962,2962,52.0
2963,2963,52.0
2964,2964,58.0
2965,2965,91.0
2966,2966,222.0
2967,2967,202.0
2968,2968,140.0
2969,2969,90.0
2970,2970,62.0
2971,2971,49.0
2972,2972,36.0
2973,2973,17.0
2974,2974,16.0
2975,2975,5.0
2976,2976,1.0
2977,2977,2.0
2978,2978,2.0
2979,2979,1.0
2980,2980,11.0
2981,2981,58.0
2982,2982,199.0
2983,2983,254.0
2984,2984,100.0
2985,2985,55.0
2986,2986,53.0
2987,2987,60.0
2988,2988,60.0
2989,2989,90.0
2990,2990,241.0
2991,2991,243.0
2992,2992,150.0
2993,2993,89.0
2994,2994,56.0
2995,2995,46.0
2996,2996,34.0
2997,2997,21.0
2998,2998,16.0
2999,2999,7.0
3000,3000,2.0
3001,3001,3.0
3002,3002,3.0
3003,3003,3.0
3004,3004,10.0
3005,3005,44.0
3006,3006,200.0
3007,3007,250.0
3008,3008,64.0
3009,3009,42.0
3010,3010,46.0
3011,3011,56.0
3012,3012,58.0
3013,3013,89.0
3014,3014,208.0
3015,3015,168.0
3016,3016,119.0
3017,3017,77.0
3018,3018,43.0
3019,3019,31.0
3020,3020,27.0
3021,3021,24.0
3022,3022,19.0
3023,3023,10.0
3024,3024,4.0
3025,3025,3.0
3026,3026,2.0
3027,3027,3.0
3028,3028,2.0
3029,3029,15.0
3030,3030,14.0
3031,3031,16.0
3032,3032,26.0
3033,3033,27.0
3034,3034,38.0
3035,3035,45.0
3036,3036,47.0
3037,3037,51.0
3038,3038,48.0
3039,3039,49.0
3040,3040,57.0
3041,3041,42.0
3042,3042,43.0
3043,3043,32.0
3044,3044,27.0
3045,3045,23.0
3046,3046,19.0
3047,3047,7.0
3048,3048,5.0
3049,3049,5.0
3050,3050,3.0
3051,3051,3.0
3052,3052,2.0
3053,3053,14.0
3054,3054,10.0
3055,3055,14.0
3056,3056,26.0
3057,3057,37.0
3058,3058,44.0
3059,3059,45.0
3060,3060,52.0
3061,3061,55.0
3062,3062,53.0
3063,3063,56.0
3064,3064,58.0
3065,3065,54.0
3066,3066,45.0
3067,3067,32.0
3068,3068,33.0
3069,3069,24.0
3070,3070,21.0
3071,3071,5.0
3072,3072,2.0
3073,3073,2.0
3074,3074,1.0
3075,3075,2.0
3076,3076,14.0
3077,3077,63.0
3078,3078,255.0
3079,3079,309.0
3080,3080,109.0
3081,3081,53.0
3082,3082,54.0
3083,3083,59.0
3084,3084,58.0
3085,3085,98.0
3086,3086,256.0
3087,3087,290.0
3088,3088,163.0
3089,3089,84.0
3090,3090,72.0
3091,3091,53.0
3092,3092,43.0
3093,3093,34.0
3094,3094,28.0
3095,3095,6.0
3096,3096,2.0
3097,3097,2.0
3098,3098,1.0
3099,3099,2.0
3100,3100,9.0
3101,3101,51.0
3102,3102,223.0
3103,3103,264.0
3104,3104,54.0
3105,3105,40.0
3106,3106,44.0
3107,3107,58.0
3108,3108,63.0
3109,3109,96.0
3110,3110,271.0
3111,3111,280.0
3112,3112,163.0
3113,3113,100.0
3114,3114,68.0
3115,3115,54.0
3116,3116,39.0
3117,3117,27.0
3118,3118,14.0
3119,3119,5.0
3120,3120,3.0
3121,3121,2.0
3122,3122,2.0
3123,3123,3.0
3124,3124,10.0
3125,3125,66.0
3126,3126,235.0
3127,3127,264.0
3128,3128,72.0
3129,3129,57.0
3130,3130,54.0
3131,3131,54.0
3132,3132,61.0
3133,3133,95.0
3134,3134,225.0
3135,3135,261.0
3136,3136,141.0
3137,3137,88.0
3138,3138,57.0
3139,3139,49.0
3140,3140,34.0
3141,3141,25.0
3142,3142,17.0
3143,3143,6.0
3144,3144,2.0
3145,3145,1.0
3146,3146,1.0
3147,3147,2.0
3148,3148,10.0
3149,3149,39.0
3150,3150,183.0
3151,3151,240.0
3152,3152,92.0
3153,3153,53.0
3154,3154,57.0
3155,3155,57.0
3156,3156,57.0
3157,3157,93.0
3158,3158,245.0
3159,3159,215.0
3160,3160,141.0
3161,3161,84.0
3162,3162,55.0
3163,3163,51.0
3164,3164,31.0
3165,3165,21.0
3166,3166,17.0
3167,3167,9.0
3168,3168,1.0
3169,3169,1.0
3170,3170,2.0
3171,3171,2.0
3172,3172,8.0
3173,3173,42.0
3174,3174,203.0
3175,3175,241.0
3176,3176,63.0
3177,3177,60.0
3178,3178,57.0
3179,3179,59.0
3180,3180,58.0
3181,3181,91.0
3182,3182,204.0
3183,3183,223.0
3184,3184,107.0
3185,3185,68.0
3186,3186,42.0
3187,3187,36.0
3188,3188,29.0
3189,3189,21.0
3190,3190,16.0
3191,3191,9.0
3192,3192,4.0
3193,3193,3.0
3194,3194,3.0
3195,3195,2.0
3196,3196,44.0
3197,3197,8.0
3198,3198,17.0
3199,3199,19.0
3200,3200,32.0
3201,3201,30.0
3202,3202,45.0
3203,3203,54.0
3204,3204,53.0
3205,3205,60.0
3206,3206,56.0
3207,3207,60.0
3208,3208,62.0
3209,3209,52.0
3210,3210,34.0
3211,3211,30.0
3212,3212,27.0
3213,3213,22.0
3214,3214,16.0
3215,3215,9.0
3216,3216,6.0
3217,3217,5.0
3218,3218,5.0
3219,3219,3.0
3220,3220,2.0
3221,3221,5.0
3222,3222,10.0
3223,3223,9.0
3224,3224,18.0
3225,3225,27.0
3226,3226,45.0
3227,3227,54.0
3228,3228,68.0
3229,3229,77.0
3230,3230,74.0
3231,3231,60.0
3232,3232,67.0
3233,3233,59.0
3234,3234,52.0
3235,3235,45.0
3236,3236,34.0
3237,3237,30.0
3238,3238,22.0
3239,3239,7.0
3240,3240,2.0
3241,3241,3.0
3242,3242,2.0
3243,3243,2.0
3244,3244,14.0
3245,3245,79.0
3246,3246,295.0
3247,3247,289.0
3248,3248,111.0
3249,3249,78.0
3250,3250,83.0
3251,3251,84.0
3252,3252,91.0
3253,3253,120.0
3254,3254,216.0
3255,3255,212.0
3256,3256,152.0
3257,3257,122.0
3258,3258,105.0
3259,3259,83.0
3260,3260,70.0
3261,3261,55.0
3262,3262,27.0
3263,3263,7.0
3264,3264,2.0
3265,3265,2.0
3266,3266,1.0
3267,3267,3.0
3268,3268,12.0
3269,3269,89.0
3270,3270,304.0
3271,3271,380.0
3272,3272,120.0
3273,3273,82.0
3274,3274,80.0
3275,3275,79.0
3276,3276,89.0
3277,3277,119.0
3278,3278,285.0
3279,3279,288.0
3280,3280,138.0
3281,3281,87.0
3282,3282,90.0
3283,3283,88.0
3284,3284,59.0
3285,3285,46.0
3286,3286,29.0
3287,3287,7.0
3288,3288,3.0
3289,3289,3.0
3290,3290,3.0
3291,3291,3.0
3292,3292,11.0
3293,3293,73.0
3294,3294,257.0
3295,3295,289.0
3296,3296,108.0
3297,3297,51.0
3298,3298,45.0
3299,3299,57.0
3300,3300,63.0
3301,3301,103.0
3302,3302,262.0
3303,3303,290.0
3304,3304,155.0
3305,3305,97.0
3306,3306,73.0
3307,3307,61.0
3308,3308,52.0
3309,3309,36.0
3310,3310,27.0
3311,3311,9.0
3312,3312,7.0
3313,3313,3.0
3314,3314,2.0
3315,3315,3.0
3316,3316,11.0
3317,3317,55.0
3318,3318,199.0
3319,3319,257.0
3320,3320,103.0
3321,3321,59.0
3322,3322,55.0
3323,3323,59.0
3324,3324,57.0
3325,3325,102.0
3326,3326,267.0
3327,3327,242.0
3328,3328,134.0
3329,3329,93.0
3330,3330,68.0
3331,3331,57.0
3332,3332,45.0
3333,3333,25.0
3334,3334,23.0
3335,3335,11.0
3336,3336,4.0
3337,3337,3.0
3338,3338,3.0
3339,3339,3.0
3340,3340,13.0
3341,3341,61.0
3342,3342,213.0
3343,3343,258.0
3344,3344,108.0
3345,3345,68.0
3346,3346,70.0
3347,3347,74.0
3348,3348,73.0
3349,3349,130.0
3350,3350,228.0
3351,3351,260.0
3352,3352,118.0
3353,3353,82.0
3354,3354,51.0
3355,3355,39.0
3356,3356,33.0
3357,3357,32.0
3358,3358,28.0
3359,3359,10.0
3360,3360,6.0
3361,3361,4.0
3362,3362,3.0
3363,3363,3.0
3364,3364,2.0
3365,3365,309.0
3366,3366,18.0
3367,3367,20.0
3368,3368,29.0
3369,3369,33.0
3370,3370,48.0
3371,3371,57.0
3372,3372,56.0
3373,3373,58.0
3374,3374,74.0
3375,3375,64.0
3376,3376,63.0
3377,3377,58.0
3378,3378,47.0
3379,3379,42.0
3380,3380,26.0
3381,3381,23.0
3382,3382,22.0
3383,3383,11.0
3384,3384,5.0
3385,3385,5.0
3386,3386,4.0
3387,3387,3.0
3388,3388,2.0
3389,3389,6.0
3390,3390,14.0
3391,3391,13.0
3392,3392,23.0
3393,3393,39.0
3394,3394,50.0
3395,3395,60.0
3396,3396,58.0
3397,3397,70.0
3398,3398,68.0
3399,3399,62.0
3400,3400,60.0
3401,3401,52.0
3402,3402,40.0
3403,3403,34.0
3404,3404,29.0
3405,3405,22.0
3406,3406,18.0
3407,3407,5.0
3408,3408,2.0
3409,3409,2.0
3410,3410,2.0
3411,3411,2.0
3412,3412,10.0
3413,3413,64.0
3414,3414,244.0
3415,3415,272.0
3416,3416,81.0
3417,3417,53.0
3418,3418,50.0
3419,3419,40.0
3420,3420,41.0
3421,3421,91.0
3422,3422,284.0
3423,3423,274.0
3424,3424,158.0
3425,3425,105.0
3426,3426,84.0
3427,3427,65.0
3428,3428,54.0
3429,3429,25.0
3430,3430,22.0
3431,3431,6.0
3432,3432,2.0
3433,3433,2.0
3434,3434,2.0
3435,3435,2.0
3436,3436,11.0
3437,3437,67.0
3438,3438,263.0
3439,3439,318.0
3440,3440,111.0
3441,3441,59.0
3442,3442,62.0
3443,3443,56.0
3444,3444,61.0
3445,3445,105.0
3446,3446,276.0
3447,3447,300.0
3448,3448,145.0
3449,3449,81.0
3450,3450,80.0
3451,3451,60.0
3452,3452,42.0
3453,3453,24.0
3454,3454,32.0
3455,3455,6.0
3456,3456,3.0
3457,3457,2.0
3458,3458,2.0
3459,3459,2.0
3460,3460,12.0
3461,3461,67.0
3462,3462,251.0
3463,3463,270.0
3464,3464,92.0
3465,3465,56.0
3466,3466,54.0
3467,3467,66.0
3468,3468,58.0
3469,3469,97.0
3470,3470,240.0
3471,3471,266.0
3472,3472,150.0
3473,3473,105.0
3474,3474,74.0
3475,3475,47.0
3476,3476,45.0
3477,3477,27.0
3478,3478,16.0
3479,3479,7.0
3480,3480,4.0
3481,3481,3.0
3482,3482,3.0
3483,3483,2.0
3484,3484,8.0
3485,3485,62.0
3486,3486,215.0
3487,3487,253.0
3488,3488,89.0
3489,3489,58.0
3490,3490,57.0
3491,3491,67.0
3492,3492,72.0
3493,3493,103.0
3494,3494,255.0
3495,3495,244.0
3496,3496,124.0
3497,3497,102.0
3498,3498,67.0
3499,3499,52.0
3500,3500,37.0
3501,3501,24.0
3502,3502,19.0
3503,3503,8.0
3504,3504,3.0
3505,3505,2.0
3506,3506,2.0
3507,3507,2.0
3508,3508,8.0
3509,3509,57.0
3510,3510,198.0
3511,3511,251.0
3512,3512,102.0
3513,3513,59.0
3514,3514,56.0
3515,3515,61.0
3516,3516,63.0
3517,3517,111.0
3518,3518,235.0
3519,3519,159.0
3520,3520,126.0
3521,3521,86.0
3522,3522,63.0
3523,3523,58.0
3524,3524,29.0
3525,3525,29.0
3526,3526,16.0
3527,3527,13.0
3528,3528,11.0
3529,3529,5.0
3530,3530,5.0
3531,3531,2.0
3532,3532,2.0
3533,3533,7.0
3534,3534,25.0
3535,3535,24.0
3536,3536,42.0
3537,3537,47.0
3538,3538,55.0
3539,3539,71.0
3540,3540,76.0
3541,3541,79.0
3542,3542,69.0
3543,3543,53.0
3544,3544,55.0
3545,3545,42.0
3546,3546,39.0
3547,3547,34.0
3548,3548,33.0
3549,3549,24.0
3550,3550,21.0
3551,3551,10.0
3552,3552,4.0
3553,3553,3.0
